image_id,real_class,pred_class,iou,score,precision,recall,TPorFP
5,2,2,0.8261588,0.9992229,1.0,0.0031645569520108957,True
4,2,2,0.96184075,0.9991285,1.0,0.006329113904021791,True
77,2,2,0.90842605,0.9990938,1.0,0.009493670856032687,True
47,2,2,0.9145504,0.99909127,1.0,0.012658227808043583,True
11,2,2,0.9336529,0.99904186,1.0,0.015822784760054477,True
50,2,2,0.0,0.9990243,0.8333333333333334,0.015822784760054477,False
11,2,2,0.8171883,0.9990125,0.8571428571428571,0.018987341712065373,True
72,2,2,0.93944246,0.9989827,0.875,0.02215189866407627,True
9,2,2,0.878784,0.9989077,0.8888888888888888,0.025316455616087166,True
27,2,2,0.8615933,0.99890006,0.9,0.02848101256809806,True
36,2,2,0.910852,0.99887246,0.9090909090909091,0.031645569520108954,True
74,2,2,0.8323318,0.9988411,0.9166666666666666,0.034810126472119854,True
27,2,2,0.88812405,0.9988381,0.9230769230769231,0.03797468342413075,True
54,2,2,0.9039015,0.9988111,0.9285714285714286,0.041139240376141646,True
85,2,2,0.8929562,0.9988018,0.9333333333333333,0.04430379732815254,True
50,2,2,0.96777153,0.99875915,0.9375,0.04746835428016344,True
22,2,2,0.86966825,0.99875546,0.9411764705882353,0.05063291123217433,True
25,2,2,0.7914358,0.9987042,0.9444444444444444,0.05379746818418523,True
50,2,2,0.9407058,0.99870133,0.9473684210526315,0.05696202513619612,True
34,2,2,0.67528975,0.9986965,0.95,0.060126582088207016,True
45,2,2,0.9310019,0.99862087,0.9523809523809523,0.06329113904021791,True
67,2,2,0.8654763,0.9986105,0.9545454545454546,0.06645569599222881,True
64,2,2,0.9304243,0.9985964,0.9565217391304348,0.06962025294423971,True
38,2,2,0.91031927,0.99857736,0.9583333333333334,0.07278480989625061,True
71,2,2,0.89030474,0.99854916,0.96,0.0759493668482615,True
26,2,2,0.92050546,0.9985416,0.9615384615384616,0.07911392380027239,True
42,2,2,0.9006404,0.99850994,0.9629629629629629,0.08227848075228329,True
40,2,2,0.8426641,0.99850637,0.9642857142857143,0.08544303770429419,True
68,2,2,0.8987876,0.9984842,0.9655172413793104,0.08860759465630508,True
59,2,2,0.86230636,0.9984775,0.9666666666666667,0.09177215160831598,True
55,2,2,0.88423204,0.9984456,0.967741935483871,0.09493670856032688,True
83,2,2,0.90895236,0.9983851,0.96875,0.09810126551233776,True
83,2,2,0.8188565,0.99838173,0.9696969696969697,0.10126582246434866,True
83,2,2,0.81182104,0.9983767,0.9705882352941176,0.10443037941635956,True
74,2,2,0.9273107,0.99837047,0.9714285714285714,0.10759493636837046,True
77,2,2,0.86091566,0.99835265,0.9722222222222222,0.11075949332038135,True
11,2,2,0.86220145,0.99833965,0.972972972972973,0.11392405027239225,True
27,2,2,0.9004137,0.9983328,0.9736842105263158,0.11708860722440315,True
36,2,2,0.84132457,0.99829787,0.9743589743589743,0.12025316417641403,True
79,2,2,0.7965343,0.9982753,0.975,0.12341772112842493,True
79,2,2,0.86163586,0.9982753,0.975609756097561,0.12658227808043582,True
41,2,2,0.9279974,0.9982566,0.9761904761904762,0.12974683503244672,True
34,2,2,0.8519206,0.9982521,0.9767441860465116,0.13291139198445762,True
0,2,2,0.8170894,0.99821246,0.9772727272727273,0.13607594893646852,True
5,2,2,0.86263794,0.9982039,0.9777777777777777,0.13924050588847942,True
7,2,2,0.9311913,0.99819535,0.9782608695652174,0.14240506284049032,True
20,2,2,0.8938685,0.9981828,0.9787234042553191,0.14556961979250121,True
20,2,2,0.9365071,0.99816716,0.9791666666666666,0.1487341767445121,True
34,2,2,0.8936533,0.9981135,0.9795918367346939,0.151898733696523,True
13,2,2,0.95306545,0.9980742,0.98,0.15506329064853389,True
29,2,2,0.92643243,0.9980586,0.9803921568627451,0.15822784760054479,True
79,2,2,0.9156203,0.9980495,0.9807692307692307,0.16139240455255568,True
72,2,2,0.90135026,0.9980215,0.9811320754716981,0.16455696150456658,True
68,2,2,0.75155616,0.9980159,0.9814814814814815,0.16772151845657748,True
34,2,2,0.89274716,0.9980081,0.9818181818181818,0.17088607540858838,True
76,2,2,0.8899801,0.9980014,0.9821428571428571,0.17405063236059926,True
25,2,2,0.8665236,0.99799985,0.9824561403508771,0.17721518931261016,True
81,2,2,0.9477002,0.99799454,0.9827586206896551,0.18037974626462105,True
59,2,2,0.88928735,0.99799025,0.9830508474576272,0.18354430321663195,True
36,2,2,0.8809978,0.99798167,0.9833333333333333,0.18670886016864285,True
3,2,2,0.9160314,0.99795306,0.9836065573770492,0.18987341712065375,True
63,2,2,0.9203389,0.9979115,0.9838709677419355,0.19303797407266465,True
80,2,2,0.92879134,0.9979025,0.9841269841269841,0.19620253102467552,True
51,2,2,0.839041,0.9978759,0.984375,0.19936708797668642,True
13,2,2,0.8328602,0.99786747,0.9846153846153847,0.20253164492869732,True
21,2,2,0.8807942,0.99783844,0.9848484848484849,0.20569620188070822,True
29,2,2,0.9201671,0.9978331,0.9850746268656716,0.20886075883271912,True
30,2,2,0.84200716,0.9978161,0.9852941176470589,0.21202531578473002,True
36,2,2,0.84069127,0.9978097,0.9855072463768116,0.21518987273674092,True
12,2,2,0.8061177,0.99780923,0.9857142857142858,0.2183544296887518,True
84,2,2,0.82578206,0.99778134,0.9859154929577465,0.2215189866407627,True
52,2,2,0.9491849,0.9977701,0.9861111111111112,0.2246835435927736,True
34,2,2,0.9164365,0.9977442,0.9863013698630136,0.2278481005447845,True
25,2,2,0.90749884,0.9977343,0.9864864864864865,0.2310126574967954,True
36,2,2,0.85516375,0.997726,0.9866666666666667,0.2341772144488063,True
19,2,2,0.9319812,0.9977252,0.9868421052631579,0.2373417714008172,True
16,2,2,0.85500723,0.9977029,0.987012987012987,0.24050632835282806,True
27,2,2,0.8854151,0.9976956,0.9871794871794872,0.24367088530483896,True
62,2,2,0.86498606,0.99769104,0.9873417721518988,0.24683544225684986,True
27,2,2,0.8804501,0.9976203,0.9875,0.24999999920886076,True
0,2,2,0.7565891,0.9976078,0.9876543209876543,0.25316455616087163,True
8,2,2,0.847065,0.9975751,0.9878048780487805,0.25632911311288253,True
35,2,2,0.92031693,0.99753475,0.9879518072289156,0.25949367006489343,True
27,2,2,0.8240442,0.9974866,0.9880952380952381,0.26265822701690433,True
80,2,2,0.7414169,0.99747986,0.9882352941176471,0.26582278396891523,True
80,2,2,0.9295921,0.9974413,0.9883720930232558,0.26898734092092613,True
2,2,2,0.8265403,0.99741507,0.9885057471264368,0.27215189787293703,True
29,2,2,0.87519324,0.99738437,0.9886363636363636,0.27531645482494793,True
17,2,2,0.7858518,0.9973578,0.9887640449438202,0.27848101177695883,True
53,2,2,0.7846473,0.9973361,0.9888888888888889,0.28164556872896973,True
24,2,2,0.78576547,0.9973078,0.989010989010989,0.28481012568098063,True
29,2,2,0.8486032,0.99729306,0.9891304347826086,0.28797468263299153,True
79,2,2,0.82827246,0.9972785,0.989247311827957,0.29113923958500243,True
82,2,2,0.899031,0.99727315,0.9893617021276596,0.29430379653701333,True
69,2,2,0.8352343,0.99725395,0.9894736842105263,0.2974683534890242,True
27,2,2,0.8886908,0.9972416,0.9895833333333334,0.3006329104410351,True
85,2,2,0.88227075,0.99721044,0.9896907216494846,0.303797467393046,True
83,2,2,0.9416332,0.9971433,0.9897959183673469,0.30696202434505687,True
13,2,2,0.7663085,0.9970933,0.98989898989899,0.31012658129706777,True
25,2,2,0.8572516,0.99709284,0.99,0.31329113824907867,True
25,2,2,0.8974804,0.9970515,0.9900990099009901,0.31645569520108957,True
42,2,2,0.9076022,0.9970477,0.9901960784313726,0.31962025215310047,True
56,2,2,0.88820106,0.99703974,0.9902912621359223,0.32278480910511137,True
79,2,2,0.64177567,0.99703825,0.9903846153846154,0.32594936605712227,True
17,2,2,0.8798626,0.99697864,0.9904761904761905,0.32911392300913317,True
17,2,2,0.88604504,0.9969784,0.9905660377358491,0.33227847996114407,True
56,2,2,0.757141,0.9969662,0.9906542056074766,0.33544303691315497,True
1,2,2,0.76744854,0.99695325,0.9907407407407407,0.33860759386516587,True
0,2,2,0.8214771,0.9969529,0.9908256880733946,0.34177215081717677,True
27,2,2,0.8884474,0.9969222,0.990909090909091,0.3449367077691876,True
20,2,2,0.772704,0.9968039,0.990990990990991,0.3481012647211985,True
79,2,2,0.9077904,0.9967789,0.9910714285714286,0.3512658216732094,True
9,2,2,0.8494179,0.9967655,0.9911504424778761,0.3544303786252203,True
24,2,2,0.8285643,0.9967475,0.9912280701754386,0.3575949355772312,True
0,2,2,0.8531192,0.99673176,0.991304347826087,0.3607594925292421,True
31,2,2,0.83556277,0.99672675,0.9913793103448276,0.363924049481253,True
27,2,2,0.8699558,0.9966761,0.9914529914529915,0.3670886064332639,True
24,2,2,0.86732566,0.9966708,0.9915254237288136,0.3702531633852748,True
65,2,2,0.9178649,0.9966613,0.9915966386554622,0.3734177203372857,True
42,2,2,0.9362416,0.9966365,0.9916666666666667,0.3765822772892966,True
9,2,2,0.9028177,0.99661237,0.9917355371900827,0.3797468342413075,True
39,2,2,0.83430415,0.9966017,0.9918032786885246,0.3829113911933184,True
27,2,2,0.84381056,0.99659854,0.991869918699187,0.3860759481453293,True
65,2,2,0.8048658,0.99659735,0.9919354838709677,0.38924050509734015,True
45,2,2,0.9056792,0.99657357,0.992,0.39240506204935105,True
83,2,2,0.84186554,0.996573,0.9920634920634921,0.39556961900136195,True
29,2,2,0.93699646,0.9965379,0.9921259842519685,0.39873417595337285,True
59,2,2,0.71899724,0.99653625,0.9921875,0.40189873290538375,True
24,2,2,0.82742846,0.9965276,0.9922480620155039,0.40506328985739465,True
57,2,2,0.84187484,0.9965126,0.9923076923076923,0.40822784680940555,True
57,2,2,0.86894757,0.99649256,0.9923664122137404,0.41139240376141645,True
50,2,2,0.8676761,0.99649066,0.9924242424242424,0.41455696071342735,True
48,2,2,0.9092786,0.99647635,0.9924812030075187,0.41772151766543825,True
1,2,2,0.7594595,0.9964395,0.9925373134328358,0.42088607461744915,True
55,2,2,0.9239789,0.996414,0.9925925925925926,0.42405063156946005,True
85,2,2,0.85623044,0.9964134,0.9926470588235294,0.42721518852147095,True
8,2,2,0.8918093,0.9963588,0.9927007299270073,0.43037974547348185,True
17,2,2,0.8671793,0.9963329,0.9927536231884058,0.43354430242549274,True
65,2,2,0.83105725,0.9963223,0.9928057553956835,0.4367088593775036,True
0,2,2,0.8102551,0.9962656,0.9928571428571429,0.4398734163295145,True
74,2,2,0.9082984,0.99623835,0.9929078014184397,0.4430379732815254,True
12,2,2,0.9392252,0.9962047,0.9929577464788732,0.4462025302335363,True
25,2,2,0.94773906,0.9961875,0.993006993006993,0.4493670871855472,True
7,2,2,0.89024913,0.9961755,0.9930555555555556,0.4525316441375581,True
20,2,2,0.8959615,0.9961701,0.993103448275862,0.455696201089569,True
27,2,2,0.85746574,0.99608564,0.9931506849315068,0.4588607580415799,True
11,2,2,0.9103625,0.99601954,0.9931972789115646,0.4620253149935908,True
29,2,2,0.6134434,0.9960075,0.9932432432432432,0.4651898719456017,True
75,2,2,0.7467434,0.9959364,0.9932885906040269,0.4683544288976126,True
75,2,2,0.947106,0.99592566,0.9933333333333333,0.4715189858496235,True
65,2,2,0.89000285,0.99590623,0.9933774834437086,0.4746835428016344,True
85,2,2,0.80822104,0.995821,0.993421052631579,0.4778480997536453,True
83,2,2,0.8765235,0.9957949,0.9934640522875817,0.4810126567056561,True
30,2,2,0.7067613,0.9952992,0.9935064935064936,0.484177213657667,True
31,2,2,0.88220626,0.99528545,0.9935483870967742,0.4873417706096779,True
0,2,2,0.7545541,0.995263,0.9935897435897436,0.4905063275616888,True
29,2,2,0.927759,0.9951616,0.9936305732484076,0.4936708845136997,True
17,2,2,0.7654943,0.9951515,0.9936708860759493,0.4968354414657106,True
27,2,2,0.8619427,0.9950911,0.9937106918238994,0.4999999984177215,True
24,2,2,0.745502,0.99506575,0.99375,0.5031645553697324,True
65,2,2,0.8519832,0.99502987,0.9937888198757764,0.5063291123217433,True
75,2,2,0.77391016,0.9949529,0.9938271604938271,0.5094936692737542,True
31,2,2,0.7960662,0.99493223,0.9938650306748467,0.5126582262257651,True
0,2,2,0.76114476,0.9948655,0.9939024390243902,0.515822783177776,True
20,2,2,0.8198481,0.99473923,0.9939393939393939,0.5189873401297869,True
27,2,2,0.86587757,0.99469215,0.9939759036144579,0.5221518970817978,True
6,2,2,0.8734336,0.9944957,0.9940119760479041,0.5253164540338087,True
48,2,2,0.80772465,0.9944667,0.9940476190476191,0.5284810109858196,True
56,2,2,0.8507478,0.99442405,0.9940828402366864,0.5316455679378305,True
33,2,2,0.9090491,0.99440587,0.9941176470588236,0.5348101248898414,True
8,2,2,0.79570794,0.9943709,0.9941520467836257,0.5379746818418523,True
0,2,2,0.66732514,0.9942872,0.9941860465116279,0.5411392387938632,True
24,2,2,0.79269594,0.9941182,0.9942196531791907,0.5443037957458741,True
83,2,2,0.8271669,0.9940288,0.9942528735632183,0.547468352697885,True
46,2,2,0.8186026,0.99397886,0.9942857142857143,0.5506329096498959,True
83,2,2,0.9383651,0.993884,0.9943181818181818,0.5537974666019068,True
70,2,2,0.80881035,0.9938257,0.9943502824858758,0.5569620235539177,True
85,2,2,0.79929024,0.9937236,0.9943820224719101,0.5601265805059286,True
0,2,2,0.7798728,0.9936899,0.994413407821229,0.5632911374579395,True
13,2,2,0.7615993,0.99363446,0.9944444444444445,0.5664556944099504,True
17,2,2,0.8212583,0.9935714,0.994475138121547,0.5696202513619613,True
58,2,2,0.9721728,0.99351877,0.9945054945054945,0.5727848083139722,True
66,2,2,0.7340377,0.99332726,0.994535519125683,0.5759493652659831,True
23,2,2,0.5744899,0.9932989,0.9945652173913043,0.579113922217994,True
23,2,2,0.8131253,0.99329764,0.9945945945945946,0.5822784791700049,True
78,2,2,0.9588216,0.99301857,0.9946236559139785,0.5854430361220158,True
74,2,2,0.76472807,0.99299556,0.9946524064171123,0.5886075930740267,True
80,2,2,0.88274044,0.9929721,0.9946808510638298,0.5917721500260376,True
46,2,2,0.0,0.99292165,0.9894179894179894,0.5917721500260376,False
29,2,2,0.93220186,0.9928653,0.9894736842105263,0.5949367069780483,True
31,2,2,0.8235676,0.9926963,0.9895287958115183,0.5981012639300592,True
2,2,2,0.77672297,0.9925498,0.9895833333333334,0.6012658208820701,True
1,2,2,0.80492127,0.9924198,0.9896373056994818,0.604430377834081,True
83,2,2,0.7594946,0.9923395,0.9896907216494846,0.607594934786092,True
10,2,2,0.81576157,0.9921246,0.9897435897435898,0.6107594917381028,True
43,1,1,0.97241795,0.99201536,1.0,0.025641024983563465,True
14,1,1,0.922894,0.99191535,1.0,0.05128204996712693,True
27,2,2,0.7368784,0.9918777,0.9897959183673469,0.6139240486901137,True
23,2,2,0.68942934,0.9918065,0.9898477157360406,0.6170886056421246,True
85,2,2,0.47841847,0.99175125,0.9848484848484849,0.6170886056421246,False
65,2,2,0.7587441,0.9916488,0.9849246231155779,0.6202531625941355,True
84,2,2,0.76157546,0.9916467,0.985,0.6234177195461464,True
83,2,2,0.83678705,0.991601,0.9850746268656716,0.6265822764981573,True
51,2,2,0.8870312,0.99149173,0.9851485148514851,0.6297468334501682,True
62,2,2,0.9219724,0.99146384,0.9852216748768473,0.6329113904021791,True
46,2,2,0.7851558,0.9914028,0.9852941176470589,0.63607594735419,True
2,2,2,0.8682607,0.99135536,0.9853658536585366,0.6392405043062009,True
39,2,2,0.9299498,0.99121267,0.9854368932038835,0.6424050612582118,True
75,2,2,0.93080336,0.9909711,0.9855072463768116,0.6455696182102227,True
1,2,2,0.86289996,0.9906628,0.9855769230769231,0.6487341751622336,True
37,1,1,0.9092191,0.99056655,1.0,0.0769230749506904,True
31,2,2,0.75838774,0.9904433,0.9856459330143541,0.6518987321142445,True
15,2,2,0.9350427,0.9904045,0.9857142857142858,0.6550632890662554,True
85,2,2,0.8401988,0.9903689,0.985781990521327,0.6582278460182663,True
32,2,2,0.68444926,0.98950493,0.9858490566037735,0.6613924029702772,True
61,1,1,0.8985751,0.98939145,1.0,0.10256409993425386,True
24,2,2,0.82512844,0.98928213,0.9859154929577465,0.6645569599222881,True
27,2,2,0.80373037,0.9891207,0.985981308411215,0.667721516874299,True
83,2,2,0.74224454,0.9889938,0.986046511627907,0.6708860738263099,True
83,2,2,0.86926645,0.9888721,0.9861111111111112,0.6740506307783208,True
31,2,2,0.848218,0.9884163,0.9861751152073732,0.6772151877303317,True
7,2,1,0.0,0.98829705,0.981651376146789,0.6772151877303317,False
39,2,2,0.6209661,0.9881373,0.9817351598173516,0.6803797446823426,True
56,2,2,0.7502892,0.9877957,0.9818181818181818,0.6835443016343535,True
46,2,2,0.73686224,0.9875266,0.9819004524886877,0.6867088585863643,True
17,1,1,0.8088836,0.9870881,1.0,0.12820512491781733,True
39,2,2,0.79516107,0.9867864,0.9819819819819819,0.6898734155383752,True
20,2,2,0.8364752,0.98676723,0.9820627802690582,0.6930379724903861,True
46,2,2,0.7976676,0.98657656,0.9821428571428571,0.696202529442397,True
65,1,1,0.71726006,0.9861188,1.0,0.1538461499013808,True
69,1,1,0.66417474,0.98609585,1.0,0.17948717488494426,True
85,2,2,0.82188576,0.9860719,0.9822222222222222,0.6993670863944079,True
31,1,1,0.8386332,0.9857373,1.0,0.20512819986850772,True
60,2,2,0.6956441,0.9857319,0.9823008849557522,0.7025316433464188,True
18,2,2,0.9231135,0.98519343,0.9823788546255506,0.7056962002984297,True
65,2,2,0.0,0.98500085,0.9780701754385965,0.7056962002984297,False
84,2,2,0.8327239,0.98494685,0.9781659388646288,0.7088607572504406,True
77,1,1,0.8514336,0.9847702,1.0,0.2307692248520712,True
77,1,1,0.91795,0.98365176,1.0,0.25641024983563465,True
79,1,1,0.84292567,0.983426,1.0,0.2820512748191981,True
59,2,2,0.7665762,0.9833747,0.9782608695652174,0.7120253142024515,True
48,1,1,0.8209587,0.98307645,1.0,0.3076922998027616,True
68,2,2,0.8742331,0.98240465,0.9783549783549783,0.7151898711544624,True
56,2,2,0.86688936,0.9823972,0.978448275862069,0.7183544281064733,True
51,2,2,0.0,0.98236096,0.9742489270386266,0.7183544281064733,False
83,2,2,0.91575056,0.9816777,0.9743589743589743,0.7215189850584842,True
10,2,2,0.8118066,0.9806809,0.9744680851063829,0.7246835420104951,True
31,2,2,0.7906977,0.98053724,0.9745762711864406,0.727848098962506,True
44,1,1,0.8965702,0.98031586,1.0,0.33333332478632505,True
48,1,1,0.7906463,0.98017144,1.0,0.3589743497698885,True
53,2,2,0.742023,0.98004776,0.9746835443037974,0.7310126559145169,True
73,2,2,0.9032304,0.9799952,0.9747899159663865,0.7341772128665278,True
9,1,1,0.82942206,0.977857,1.0,0.384615374753452,True
65,1,1,0.89358354,0.9775074,1.0,0.41025639973701544,True
84,2,2,0.89584297,0.97732234,0.9748953974895398,0.7373417698185387,True
69,1,1,0.8838289,0.97660655,1.0,0.4358974247205789,True
56,1,1,0.7676491,0.9766052,1.0,0.4615384497041424,True
79,2,2,0.74992144,0.9761705,0.975,0.7405063267705496,True
22,2,2,0.8172995,0.97424465,0.975103734439834,0.7436708837225605,True
31,2,2,0.67137337,0.9741959,0.9752066115702479,0.7468354406745714,True
83,2,2,0.8100771,0.9741165,0.9753086419753086,0.7499999976265823,True
83,2,2,0.867601,0.97395587,0.9754098360655737,0.7531645545785932,True
0,2,2,0.67743874,0.9735893,0.9755102040816327,0.7563291115306041,True
0,2,2,0.8000424,0.9735801,0.975609756097561,0.759493668482615,True
46,1,1,0.84722024,0.97345394,1.0,0.4871794746877058,True
17,1,1,0.74908966,0.97333443,1.0,0.5128204996712693,True
9,2,2,0.7674697,0.9733035,0.9757085020242915,0.7626582254346259,True
9,2,2,0.69401073,0.9724687,0.9758064516129032,0.7658227823866368,True
1,2,2,0.58753663,0.9717468,0.9759036144578314,0.7689873393386477,True
51,1,1,0.7290594,0.9717467,1.0,0.5384615246548328,True
56,1,1,0.91386765,0.9716889,1.0,0.5641025496383962,True
22,2,2,0.9147805,0.97137105,0.976,0.7721518962906586,True
27,2,2,0.6358738,0.9709288,0.9760956175298805,0.7753164532426695,True
31,2,2,0.7912532,0.97055763,0.9761904761904762,0.7784810101946803,True
46,2,2,0.7447192,0.9702159,0.9762845849802372,0.7816455671466912,True
73,3,1,0.0,0.9699443,0.0,0.0,False
6,2,2,0.84610045,0.969556,0.9763779527559056,0.7848101240987021,True
66,2,2,0.5927521,0.96937996,0.9764705882352941,0.787974681050713,True
2,2,2,0.6855239,0.96894944,0.9765625,0.7911392380027239,True
31,2,2,0.87836814,0.9688371,0.9766536964980544,0.7943037949547348,True
1,2,2,0.8379105,0.96872866,0.9767441860465116,0.7974683519067457,True
83,2,2,0.6675733,0.9670399,0.9768339768339769,0.8006329088587566,True
51,1,1,0.8208011,0.96678114,1.0,0.5897435746219597,True
51,2,2,0.63996595,0.963918,0.9769230769230769,0.8037974658107675,True
27,2,2,0.0,0.9619726,0.9731800766283525,0.8037974658107675,False
46,2,2,0.0,0.9614437,0.9694656488549618,0.8037974658107675,False
31,1,1,0.71445817,0.96026146,1.0,0.6153845996055232,True
31,2,2,0.7676342,0.9598089,0.9695817490494296,0.8069620227627784,True
67,2,2,0.8693105,0.9597593,0.9696969696969697,0.8101265797147893,True
31,2,2,0.7396122,0.9596789,0.969811320754717,0.8132911366668002,True
31,2,2,0.73462534,0.95962214,0.9699248120300752,0.8164556936188111,True
83,1,1,0.91196495,0.9591124,1.0,0.6410256245890866,True
28,2,2,0.85211426,0.9586817,0.9700374531835206,0.819620250570822,True
31,1,1,0.88427776,0.9584242,1.0,0.6666666495726501,True
62,1,1,0.84968424,0.95745623,1.0,0.6923076745562136,True
18,2,2,0.62306184,0.9567151,0.9701492537313433,0.8227848075228329,True
30,3,2,0.71602577,0.9561375,0.0,0.0,False
1,1,1,0.68812734,0.9514174,1.0,0.717948699539777,True
22,2,2,0.8919825,0.9495621,0.9702602230483272,0.8259493644748438,True
55,1,1,0.27752942,0.94425195,0.9655172413793104,0.717948699539777,False
46,1,1,0.6608379,0.9430164,0.9666666666666667,0.7435897245233405,True
83,2,2,0.61750996,0.9425436,0.9703703703703703,0.8291139214268547,True
31,2,2,0.71707773,0.94236827,0.9704797047970479,0.8322784783788656,True
31,2,2,0.71141946,0.9380375,0.9705882352941176,0.8354430353308765,True
31,2,2,0.63325524,0.93766195,0.9706959706959707,0.8386075922828874,True
65,3,1,0.7247733,0.9356517,0.0,0.0,False
53,2,2,0.7805817,0.93529546,0.9708029197080292,0.8417721492348983,True
31,2,2,0.88356453,0.93478155,0.9709090909090909,0.8449367061869092,True
59,2,2,0.7349127,0.9333336,0.9710144927536232,0.8481012631389201,True
31,1,1,0.87150997,0.9311204,0.967741935483871,0.769230749506904,True
17,2,2,0.7394145,0.9284288,0.9711191335740073,0.851265820090931,True
57,2,2,0.8471941,0.9236332,0.9712230215827338,0.8544303770429419,True
27,2,2,0.6781025,0.92077255,0.9713261648745519,0.8575949339949528,True
66,2,2,0.8944665,0.9153566,0.9714285714285714,0.8607594909469637,True
27,2,2,0.0,0.91380894,0.9679715302491103,0.8607594909469637,False
2,2,2,0.7854729,0.9133329,0.9680851063829787,0.8639240478989746,True
23,2,2,0.67356914,0.9131513,0.9681978798586572,0.8670886048509855,True
31,2,2,0.7731908,0.9123074,0.9683098591549296,0.8702531618029963,True
17,2,2,0.71425986,0.9067913,0.968421052631579,0.8734177187550072,True
84,2,2,0.7245153,0.9057284,0.9685314685314685,0.8765822757070181,True
46,1,1,0.71701777,0.9051338,0.96875,0.7948717744904674,True
31,1,1,0.7165187,0.9002194,0.9696969696969697,0.8205127994740309,True
85,2,2,0.734606,0.9000016,0.9686411149825784,0.879746832659029,True
2,2,2,0.0,0.89921945,0.9652777777777778,0.879746832659029,False
84,2,2,0.5648604,0.8968913,0.9653979238754326,0.8829113896110399,True
20,2,2,0.62857383,0.8941459,0.9655172413793104,0.8860759465630508,True
7,1,1,0.79176486,0.89089155,0.9705882352941176,0.8461538244575944,True
33,2,2,0.7499667,0.8889744,0.9656357388316151,0.8892405035150617,True
51,2,2,0.0,0.8870186,0.9623287671232876,0.8892405035150617,False
27,2,2,0.0066629974,0.8833381,0.9590443686006825,0.8892405035150617,False
31,1,1,0.75038123,0.8810579,0.9714285714285714,0.8717948494411578,True
66,2,1,0.0,0.88050276,0.95578231292517,0.8892405035150617,False
39,2,2,0.0,0.87261075,0.9525423728813559,0.8892405035150617,False
66,2,1,0.0,0.87246954,0.9493243243243243,0.8892405035150617,False
49,2,2,0.8396354,0.8694586,0.9494949494949495,0.8924050604670726,True
31,2,2,0.66245407,0.86841965,0.9496644295302014,0.8955696174190835,True
66,2,2,0.8190171,0.8669654,0.9498327759197325,0.8987341743710944,True
20,1,1,0.45612997,0.86485445,0.9444444444444444,0.8717948494411578,False
84,1,1,0.5904849,0.8597441,0.9459459459459459,0.8974358744247213,True
31,2,2,0.78808063,0.85919136,0.95,0.9018987313231053,True
36,2,2,0.0,0.8578008,0.946843853820598,0.9018987313231053,False
59,2,2,0.0,0.8497685,0.9437086092715232,0.9018987313231053,False
3,3,1,0.7861246,0.8439669,0.0,0.0,False
24,2,2,0.6432053,0.8254685,0.9438943894389439,0.9050632882751162,True
73,3,1,0.6158447,0.82343334,0.0,0.0,False
31,1,1,0.8468825,0.8176891,0.9473684210526315,0.9230768994082847,True
5,2,1,0.48946774,0.81686175,0.9407894736842105,0.9050632882751162,False
2,2,2,0.43866676,0.81645215,0.9377049180327869,0.9050632882751162,False
74,2,2,0.051125538,0.80679363,0.934640522875817,0.9050632882751162,False
31,3,3,0.81163675,0.8056845,0.16666666666666666,0.499999750000125,True
39,2,1,0.0,0.80258816,0.9315960912052117,0.9050632882751162,False
31,2,2,0.6783042,0.80208284,0.9318181818181818,0.9082278452271271,True
31,1,1,0.84502715,0.8015753,0.9487179487179487,0.9487179243918481,True
31,2,2,0.80496746,0.79957384,0.9320388349514563,0.911392402179138,True
36,2,2,0.4885699,0.7917105,0.9290322580645162,0.911392402179138,False
20,2,2,0.66050816,0.7906089,0.9292604501607717,0.9145569591311489,True
74,2,2,0.62865436,0.78423375,0.9294871794871795,0.9177215160831598,True
17,1,2,0.79603547,0.7802622,0.925,0.9487179243918481,False
2,2,2,0.6682839,0.7652638,0.9297124600638977,0.9208860730351707,True
63,2,2,0.0,0.7533307,0.9267515923566879,0.9208860730351707,False
0,2,2,0.7706771,0.74899906,0.926984126984127,0.9240506299871816,True
59,2,1,0.0,0.74042577,0.9240506329113924,0.9240506299871816,False
27,2,2,0.0057593277,0.7393141,0.9211356466876972,0.9240506299871816,False
23,2,3,0.6678511,0.7374123,0.9182389937106918,0.9240506299871816,False
8,2,2,0.7764184,0.7372544,0.9184952978056427,0.9272151869391925,True
18,2,2,0.0,0.7359234,0.915625,0.9272151869391925,False
13,2,2,0.0,0.7326723,0.9127725856697819,0.9272151869391925,False
31,1,1,0.5988312,0.7268313,0.926829268292683,0.9743589493754116,True
23,2,1,0.0,0.71228445,0.9099378881987578,0.9272151869391925,False
3,3,2,0.8985285,0.7119056,0.14285714285714285,0.499999750000125,False
65,2,2,0.8194791,0.7110746,0.9102167182662538,0.9303797438912034,True
55,2,2,0.9042582,0.703973,0.9104938271604939,0.9335443008432143,True
55,1,2,0.53183794,0.70098275,0.9047619047619048,0.9743589493754116,False
2,2,2,0.7125319,0.6936214,0.9107692307692308,0.9367088577952252,True
39,2,2,0.0,0.6855303,0.9079754601226994,0.9367088577952252,False
20,2,1,0.55129135,0.6818902,0.9051987767584098,0.9367088577952252,False
63,2,1,0.0,0.6808064,0.9024390243902439,0.9367088577952252,False
17,2,2,0.33338046,0.6794868,0.8996960486322189,0.9367088577952252,False
39,2,1,0.0,0.6766617,0.896969696969697,0.9367088577952252,False
1,1,1,0.67563266,0.67581064,0.9069767441860465,0.999999974358975,True
20,2,2,0.6035483,0.6730779,0.8972809667673716,0.9398734147472361,True
31,2,2,0.5820575,0.67120206,0.8975903614457831,0.943037971699247,True
17,2,2,0.7674466,0.66797566,0.8978978978978979,0.9462025286512579,True
24,3,1,0.19147298,0.65505195,0.125,0.499999750000125,False
0,2,2,0.6687427,0.6407335,0.8982035928143712,0.9493670856032688,True
83,2,2,0.71435493,0.6100402,0.8985074626865671,0.9525316425552797,True
73,3,1,0.0,0.5923111,0.1111111111111111,0.499999750000125,False
31,1,2,0.0,0.58792377,0.8863636363636364,0.999999974358975,False
31,1,2,0.0,0.5842551,0.8666666666666667,0.999999974358975,False
31,2,2,0.55765134,0.5754122,0.8988095238095238,0.9556961995072906,True
65,2,3,0.06936945,0.5701033,0.8961424332344213,0.9556961995072906,False
15,2,2,0.0,0.5642361,0.893491124260355,0.9556961995072906,False
46,2,1,0.0,0.56026083,0.8908554572271387,0.9556961995072906,False
17,2,1,0.4208664,0.5511413,0.888235294117647,0.9556961995072906,False
73,3,1,0.0,0.5392786,0.1,0.499999750000125,False
51,2,2,0.0,0.53066576,0.8856304985337243,0.9556961995072906,False
17,2,2,0.22241704,0.5251051,0.8830409356725146,0.9556961995072906,False
34,2,2,0.72286564,0.5189703,0.8833819241982507,0.9588607564593015,True
30,2,2,0.0,0.49283698,0.8808139534883721,0.9588607564593015,False
46,3,3,0.74418044,0.4742126,0.18181818181818182,0.99999950000025,True
31,1,2,0.0,0.46817142,0.8478260869565217,0.999999974358975,False
46,1,1,0.46678877,0.46326727,0.8297872340425532,0.999999974358975,False
1,2,1,0.0,0.43849176,0.8782608695652174,0.9588607564593015,False
83,2,2,0.0,0.43214706,0.8757225433526011,0.9588607564593015,False
84,2,2,0.63747776,0.41499436,0.8760806916426513,0.9620253134113123,True
31,2,2,0.63453984,0.38717455,0.8764367816091954,0.9651898703633232,True
27,2,2,0.012946715,0.37287846,0.8739255014326648,0.9651898703633232,False
13,2,2,0.0,0.36562234,0.8714285714285714,0.9651898703633232,False
84,2,2,0.0,0.35180384,0.8689458689458689,0.9651898703633232,False
23,2,2,0.70170116,0.34867066,0.8693181818181818,0.968354427315334,True
8,2,2,0.2873982,0.3466523,0.8668555240793201,0.968354427315334,False
27,2,2,0.0,0.3373185,0.864406779661017,0.968354427315334,False
20,2,2,0.7123971,0.33342502,0.8647887323943662,0.971518984267345,True
30,2,1,0.4593428,0.33127087,0.8623595505617978,0.971518984267345,False
13,2,2,0.0,0.32386854,0.8599439775910365,0.971518984267345,False
13,1,1,0.44263372,0.31011704,0.8125,0.999999974358975,False
59,2,1,0.0,0.3058381,0.8575418994413407,0.971518984267345,False
0,2,2,0.35396788,0.29871544,0.8551532033426184,0.971518984267345,False
71,2,2,0.0,0.29071465,0.8527777777777777,0.971518984267345,False
65,1,1,0.47726923,0.28661424,0.7959183673469388,0.999999974358975,False
50,2,2,0.0,0.27926627,0.850415512465374,0.971518984267345,False
60,2,2,0.2477813,0.2774994,0.8480662983425414,0.971518984267345,False
46,2,2,0.6650604,0.2621159,0.8484848484848485,0.9746835412193559,True
31,3,1,0.41107452,0.25780934,0.16666666666666666,0.99999950000025,False
33,2,2,0.0,0.25582036,0.8461538461538461,0.9746835412193559,False
27,2,2,0.05634113,0.25188246,0.8438356164383561,0.9746835412193559,False
31,2,2,0.62514365,0.24715108,0.8442622950819673,0.9778480981713668,True
0,2,2,0.0,0.24234039,0.8419618528610354,0.9778480981713668,False
17,2,2,0.6351058,0.24034916,0.842391304347826,0.9810126551233777,True
0,2,2,0.0,0.23481376,0.8401084010840109,0.9810126551233777,False
31,2,2,0.028364807,0.23212017,0.8378378378378378,0.9810126551233777,False
56,2,1,0.0,0.22508526,0.8355795148247979,0.9810126551233777,False
2,2,1,0.0,0.22116911,0.8333333333333334,0.9810126551233777,False
27,2,2,0.0,0.21932124,0.8310991957104558,0.9810126551233777,False
27,2,2,0.0,0.21054728,0.8288770053475936,0.9810126551233777,False
31,2,2,0.35295957,0.20666042,0.8266666666666667,0.9810126551233777,False
75,2,2,0.029158816,0.20594335,0.824468085106383,0.9810126551233777,False
27,2,2,0.0,0.20494276,0.8222811671087533,0.9810126551233777,False
17,2,2,0.06499017,0.19155343,0.8201058201058201,0.9810126551233777,False
27,2,1,0.0,0.19061753,0.8179419525065963,0.9810126551233777,False
10,2,2,0.0,0.18832183,0.8157894736842105,0.9810126551233777,False
27,2,2,0.0,0.18701117,0.8136482939632546,0.9810126551233777,False
2,2,1,0.0,0.18682046,0.8115183246073299,0.9810126551233777,False
9,1,1,0.0,0.18678907,0.78,0.999999974358975,False
36,2,2,0.0,0.18115158,0.8093994778067886,0.9810126551233777,False
51,2,2,0.0,0.17302117,0.8072916666666666,0.9810126551233777,False
31,3,1,0.41334933,0.16875456,0.15384615384615385,0.99999950000025,False
13,2,2,0.0,0.16768335,0.8051948051948052,0.9810126551233777,False
57,2,1,0.0,0.16239399,0.8031088082901554,0.9810126551233777,False
31,1,1,0.0,0.15776187,0.7647058823529411,0.999999974358975,False
1,2,2,0.0,0.15543848,0.8010335917312662,0.9810126551233777,False
2,2,2,0.0,0.15503013,0.7989690721649485,0.9810126551233777,False
27,2,2,0.0,0.15149675,0.7969151670951157,0.9810126551233777,False
31,2,2,0.7262939,0.15098411,0.7974358974358975,0.9841772120753886,True
75,2,1,0.027265137,0.15033731,0.7953964194373402,0.9841772120753886,False
27,2,1,0.0,0.14790973,0.7933673469387755,0.9841772120753886,False
31,1,2,0.0,0.1473468,0.75,0.999999974358975,False
25,2,2,0.037935626,0.14118308,0.7913486005089059,0.9841772120753886,False
11,2,1,0.0,0.14053984,0.7893401015228426,0.9841772120753886,False
83,2,2,0.10348414,0.13920638,0.7873417721518987,0.9841772120753886,False
39,2,2,0.0,0.13638835,0.7853535353535354,0.9841772120753886,False
85,2,2,0.0,0.13481301,0.783375314861461,0.9841772120753886,False
2,2,2,0.0,0.13064706,0.7814070351758794,0.9841772120753886,False
31,2,2,0.75237155,0.12647885,0.7819548872180451,0.9873417690273995,True
31,2,2,0.3656022,0.12541859,0.78,0.9873417690273995,False
73,3,1,0.0,0.12208482,0.14285714285714285,0.99999950000025,False
27,2,2,0.0,0.120239474,0.7780548628428927,0.9873417690273995,False
43,1,1,0.0,0.12017757,0.7358490566037735,0.999999974358975,False
44,1,1,0.0,0.12017757,0.7222222222222222,0.999999974358975,False
55,2,2,0.13739532,0.116474554,0.7761194029850746,0.9873417690273995,False
24,2,1,0.0,0.11507382,0.7741935483870968,0.9873417690273995,False
31,1,1,0.0,0.1142453,0.7090909090909091,0.999999974358975,False
13,2,2,0.0,0.110217124,0.7722772277227723,0.9873417690273995,False
0,2,2,0.0,0.109022945,0.7703703703703704,0.9873417690273995,False
80,2,1,0.0,0.10592441,0.7684729064039408,0.9873417690273995,False
6,2,1,0.0,0.10562811,0.7665847665847666,0.9873417690273995,False
31,2,2,0.49084193,0.104629,0.7647058823529411,0.9873417690273995,False
85,2,1,0.063360065,0.10424502,0.7628361858190709,0.9873417690273995,False
31,1,1,0.0,0.10234743,0.6964285714285714,0.999999974358975,False
69,1,1,0.0,0.10205216,0.6842105263157895,0.999999974358975,False
30,2,2,0.0,0.09822054,0.7609756097560976,0.9873417690273995,False
50,2,2,0.0,0.097683914,0.7591240875912408,0.9873417690273995,False
62,2,2,0.034408536,0.0968885,0.7572815533980582,0.9873417690273995,False
31,2,2,0.5579629,0.09545849,0.7578692493946732,0.9905063259794104,True
13,1,2,0.054327555,0.091447406,0.6724137931034483,0.999999974358975,False
2,2,2,0.0,0.09079022,0.7560386473429952,0.9905063259794104,False
31,2,2,0.7866214,0.090658605,0.7566265060240964,0.9936708829314213,True
31,2,1,0.17898951,0.08807247,0.7548076923076923,0.9936708829314213,False
27,2,2,0.0,0.0873906,0.7529976019184652,0.9936708829314213,False
0,2,2,0.0,0.08688167,0.7511961722488039,0.9936708829314213,False
63,2,2,0.0,0.08528196,0.7494033412887828,0.9936708829314213,False
84,2,1,0.0,0.08179665,0.7476190476190476,0.9936708829314213,False
84,2,2,0.6586259,0.0809119,0.7482185273159145,0.9968354398834322,True
27,2,2,0.0,0.080521785,0.7464454976303317,0.9968354398834322,False
7,2,1,0.0,0.07733008,0.7446808510638298,0.9968354398834322,False
20,2,2,0.010828828,0.07699631,0.7429245283018868,0.9968354398834322,False
59,2,2,0.0,0.07612005,0.7411764705882353,0.9968354398834322,False
66,2,1,0.0,0.07511553,0.7394366197183099,0.9968354398834322,False
39,2,2,0.0,0.073658824,0.7377049180327869,0.9968354398834322,False
30,2,2,0.0,0.07281591,0.735981308411215,0.9968354398834322,False
11,2,2,0.0,0.072571166,0.7342657342657343,0.9968354398834322,False
46,2,2,0.057526726,0.071931206,0.7325581395348837,0.9968354398834322,False
2,2,2,0.0,0.06908559,0.7308584686774942,0.9968354398834322,False
70,2,2,0.0,0.06767919,0.7291666666666666,0.9968354398834322,False
15,2,1,0.0,0.066524744,0.7274826789838337,0.9968354398834322,False
3,2,1,0.082473986,0.06626508,0.7258064516129032,0.9968354398834322,False
18,2,1,0.03777174,0.065330066,0.7241379310344828,0.9968354398834322,False
79,2,2,0.0,0.06522302,0.7224770642201835,0.9968354398834322,False
84,1,2,0.008693594,0.06378381,0.6610169491525424,0.999999974358975,False
2,2,2,0.0,0.06142372,0.7208237986270023,0.9968354398834322,False
31,2,2,0.8470704,0.060013738,0.7214611872146118,0.999999996835443,True
20,2,1,0.0,0.05793574,0.7198177676537585,0.999999996835443,False
18,2,2,0.0,0.05773224,0.7181818181818181,0.999999996835443,False
23,2,2,0.0,0.057647277,0.7165532879818595,0.999999996835443,False
57,2,2,0.0,0.056879662,0.7149321266968326,0.999999996835443,False
30,2,2,0.0,0.05573181,0.7133182844243793,0.999999996835443,False
17,2,2,0.04995873,0.050134648,0.7117117117117117,0.999999996835443,False
